;Posición;Descripción Completa;ASD;ASDASD
19500;59100000119B;Los demás // De algodón // Sin impregnar, recubrir, revestir ni      estratificar: // CORREAS TRANSPORTADORAS O DE TRANSMISIÓN, DEMATERIA TEXTIL, INCLUSO IMPREGNADAS, RECUBIERTAS, REVESTIDAS O ESTRATIFICADAS CON PLÁSTICO O REFORZADAS CON METAL U OTRA MATERIA.;59100000;Correas transportadoras o transmisión,de materia textil
19512;59100000199C;Los demás // De las demás materias textiles // Sin impregnar, recubrir, revestir ni      estratificar: // CORREAS TRANSPORTADORAS O DE TRANSMISIÓN, DEMATERIA TEXTIL, INCLUSO IMPREGNADAS, RECUBIERTAS, REVESTIDAS O ESTRATIFICADAS CON PLÁSTICO O REFORZADAS CON METAL U OTRA MATERIA.;59100000;Correas transportadoras o transmisión,de materia textil
19527;59100000993H;De anchura superior o igual a 30 cm pero       inferior a 90 cm // De las demás materiales textiles // Las demás // CORREAS TRANSPORTADORAS O DE TRANSMISIÓN, DEMATERIA TEXTIL, INCLUSO IMPREGNADAS, RECUBIERTAS, REVESTIDAS O ESTRATIFICADAS CON PLÁSTICO O REFORZADAS CON METAL U OTRA MATERIA.;59100000;Correas transportadoras o transmisión,de materia textil
24252;73090020000R;Recipientes isotérmicos refrigerados a   nitrógeno líquido, de los tipos utilizados para   semen, sangre, tejidos biológicos y productos   similares // DEPÓSITOS, CISTERNAS, CUBAS Y RECIPIENTES        ^ SIMILARES PARA CUALQUIER MATERIA (EXCEPTO GAS COMPRIMIDO O LICUADO), DE FUNDICIÓN, HIERRO O ACERO, DE CAPACIDAD SUPERIOR A 300 l, SIN DISPOSITIVOS MECÁNICOS NI TERMICOS, INCLUSO CON REVESTIMIENTO INTERIOR O CALORÍFUGO.;73090020;Cisternas,cubas y similares capacidad > a 300l.excluidas p/gases,de fundición,hierro,acero,isotérmicos,refrigerados a nitrógeno líquido,p/semen,sangre,tejidos biológicos y productos similares
24815;76121000300N;De capacidad superior a 0,25 l pero inferior      o igual a 0,5 l // -Envases tubulares flexibles // DEPÓSITOS, BARRILES, TAMBORES, BIDONES, BOTES,CAJAS Y RECIPIENTES SIMILARES, DE ALUMINIO(INCLUIDOS LOS ENVASES TUBULARES RÍGIDOS OFLEXIBLES), PARA CUALQUIER MATERIA (EXCEPTO GASCOMPRIMIDO O LICUADO), DE CAPACIDAD INFERIOR OIGUAL A 300 l, SIN DISPOSITIVOS MECÁNICOS NITERMICOS, INCLUSO CON REVESTIMIENTO INTERIOR OCALORÍFUGO.;76121000;Envases tubulares flexibles de aluminio,c/capacidad <= a 300l.
24820;76129019110X;De capacidad inferior o igual a 0,25 l // De los tipos utilizados para bebidas // Los demás // Envases tubulares // -Los demás // DEPÓSITOS, BARRILES, TAMBORES, BIDONES, BOTES,CAJAS Y RECIPIENTES SIMILARES, DE ALUMINIO(INCLUIDOS LOS ENVASES TUBULARES RÍGIDOS OFLEXIBLES), PARA CUALQUIER MATERIA (EXCEPTO GASCOMPRIMIDO O LICUADO), DE CAPACIDAD INFERIOR OIGUAL A 300 l, SIN DISPOSITIVOS MECÁNICOS NITERMICOS, INCLUSO CON REVESTIMIENTO INTERIOR OCALORÍFUGO.;76129019;Envases tubulares de aluminio,c/capacidad <= a 300l.,ncop
25060;82013000411W;"De madera // Con mango // Escardillos // -Azadas, picos, binaderas, rastrillos y raederas // LAYAS, PALAS, AZADAS, PICOS, BINADERAS, HORCASDE LABRANZA, RASTRILLOS Y RAEDERAS; HACHAS,HOCINOS Y HERRAMIENTAS SIMILARES CON FILO;TIJERAS DE PODAR DE CUALQUIER TIPO; HOCES Y GUADAÑAS, CUCHILLOS PARA HENO O PAJA,CIZALLAS PARA SETOS, CUÑAS Y DEMÁS HERRAMIENTASDE MANO, AGRÍCOLAS, HORTÍCOLAS O FORESTALES.";82013000;Azadas,picos,binaderas,rastrillos y raederas,de metal común
25061;82013000412Y;"De plástico // Con mango // Escardillos // -Azadas, picos, binaderas, rastrillos y raederas // LAYAS, PALAS, AZADAS, PICOS, BINADERAS, HORCASDE LABRANZA, RASTRILLOS Y RAEDERAS; HACHAS,HOCINOS Y HERRAMIENTAS SIMILARES CON FILO;TIJERAS DE PODAR DE CUALQUIER TIPO; HOCES Y GUADAÑAS, CUCHILLOS PARA HENO O PAJA,CIZALLAS PARA SETOS, CUÑAS Y DEMÁS HERRAMIENTASDE MANO, AGRÍCOLAS, HORTÍCOLAS O FORESTALES.";82013000;Azadas,picos,binaderas,rastrillos y raederas,de metal común
25121;82029100210Y;"Manuales // De acero bimetal // --Hojas de sierra rectas para trabajar metal // -Las demás hojas de sierra: // SIERRAS DE MANO; HOJAS DE SIERRA DE CUALQUIER CLASE (INCLUIDAS LAS FRESAS SIERRA Y LAS HOJAS SINDENTAR).";82029100;Hojas de sierra rectas,de metal común,p/trabajar metales
25122;82029100290Z;"Las demás // De acero bimetal // --Hojas de sierra rectas para trabajar metal // -Las demás hojas de sierra: // SIERRAS DE MANO; HOJAS DE SIERRA DE CUALQUIER CLASE (INCLUIDAS LAS FRESAS SIERRA Y LAS HOJAS SINDENTAR).";82029100;Hojas de sierra rectas,de metal común,p/trabajar metales
25161;82041100126H;"Con rango de medición 400-1200 Nm       (40-120 kgm) // De nonio // Dinamométrica (torquímetro) // --No ajustables // -LLaves de ajuste de mano: // LLAVES DE AJUSTE DE MANO (INCLUIDAS LAS LLAVESDINAMOMETRICAS); CUBOS (VASOS)* DE AJUSTEINTERCAMBIABLES, INCLUSO CON MANGO.";82041100;Llaves de ajuste de mano,de boca fija,de metal común
25200;82054000131Z;"De hasta 6 unidades inclusive // Únicamente de los tipos utilizados para       tornillos de cabeza con hueco hexagonal,       con mango en T // Acondicionados para la venta al por menor      conteniendo dos o más artículos // -Destornilladores // HERRAMIENTAS DE MANO (INCLUIDOS LOS DIAMANTESPARA VIDRIERO) NO EXPRESADAS NI COMPRENDIDAS EN OTRA PARTE; LÁMPARAS DE SOLDAR Y SIMILARES;TORNILLOS DE BANCO, PRENSAS DE CARPINTERO YSIMILARES, EXCEPTO LOS QUE SEAN ACCESORIOS OPARTES DE MÁQUINAS HERRAMIENTA O MÁQUINAS PARA CORTAR POR CHORRO DE AGUA; YUNQUES; FRAGUAS PORTÁTILES; MUELAS DE MANO O A PEDAL, CON BASTIDOR.";82054000;Destornilladores,de metal común
25278;82075011112N;De diámetros superiores o iguales a 10 mm       pero inferiores o iguales a 13 mm // De acero rápido, tipo AISI M2, M7 o de       similar composición química, de diámetros       inferiores a 23,25 mm (Res. 19/00 MEOSP) // Con vástago cono morse normal, según Norma      DIN 345 (R.1111/98 MEOSP) // Helicoidales, de diámetro inferior o igual a    52 mm // Brocas, incluso diamantadas // -Útiles de taladrar // ÚTILES INTERCAMBIABLES PARA HERRAMIENTAS DE MANO,INCLUSO MECÁNICAS, O PARA MÁQUINAS HERRAMIENTA(POR EJEMPLO: DE EMBUTIR, ESTAMPAR, PUNZONAR,ROSCAR [INCLUSO ATERRAJAR], TALADRAR, ESCARIAR, BROCHAR, FRESAR, TORNEAR, ATORNILLAR), INCLUIDAS LAS HILERAS DE EXTRUDIR O DE TREFILAR (ESTIRAR)* METAL, ASI COMO LOS ÚTILES DE PERFORACIÓN O SONDEO.;82075011;Brocas helicoidales,c/diámetro <= a 52mm.,de metal común
25286;82075011122R;De diámetros superiores a 26 mm pero       inferiores o iguales a 29 mm // De acero rápido tipo AISI M2, M7 o de       similar composición química, de diámetros       superiores o iguales a 23,25 mm pero        inferiores o iguales a 36 mm       (Res. 19/00 MEOSP) // Con vástago cono morse normal, según Norma      DIN 345 (R.1111/98 MEOSP) // Helicoidales, de diámetro inferior o igual a    52 mm // Brocas, incluso diamantadas // -Útiles de taladrar // ÚTILES INTERCAMBIABLES PARA HERRAMIENTAS DE MANO,INCLUSO MECÁNICAS, O PARA MÁQUINAS HERRAMIENTA(POR EJEMPLO: DE EMBUTIR, ESTAMPAR, PUNZONAR,ROSCAR [INCLUSO ATERRAJAR], TALADRAR, ESCARIAR, BROCHAR, FRESAR, TORNEAR, ATORNILLAR), INCLUIDAS LAS HILERAS DE EXTRUDIR O DE TREFILAR (ESTIRAR)* METAL, ASI COMO LOS ÚTILES DE PERFORACIÓN O SONDEO.;82075011;Brocas helicoidales,c/diámetro <= a 52mm.,de metal común
25288;82075011124W;De diámetros superiores a 31 mm pero       inferiores a 32 mm // De acero rápido tipo AISI M2, M7 o de       similar composición química, de diámetros       superiores o iguales a 23,25 mm pero        inferiores o iguales a 36 mm       (Res. 19/00 MEOSP) // Con vástago cono morse normal, según Norma      DIN 345 (R.1111/98 MEOSP) // Helicoidales, de diámetro inferior o igual a    52 mm // Brocas, incluso diamantadas // -Útiles de taladrar // ÚTILES INTERCAMBIABLES PARA HERRAMIENTAS DE MANO,INCLUSO MECÁNICAS, O PARA MÁQUINAS HERRAMIENTA(POR EJEMPLO: DE EMBUTIR, ESTAMPAR, PUNZONAR,ROSCAR [INCLUSO ATERRAJAR], TALADRAR, ESCARIAR, BROCHAR, FRESAR, TORNEAR, ATORNILLAR), INCLUIDAS LAS HILERAS DE EXTRUDIR O DE TREFILAR (ESTIRAR)* METAL, ASI COMO LOS ÚTILES DE PERFORACIÓN O SONDEO.;82075011;Brocas helicoidales,c/diámetro <= a 52mm.,de metal común
25289;82075011125Y;De diámetros superiores o iguales a 32 mm       pero inferiores o iguales a 33 mm // De acero rápido tipo AISI M2, M7 o de       similar composición química, de diámetros       superiores o iguales a 23,25 mm pero        inferiores o iguales a 36 mm       (Res. 19/00 MEOSP) // Con vástago cono morse normal, según Norma      DIN 345 (R.1111/98 MEOSP) // Helicoidales, de diámetro inferior o igual a    52 mm // Brocas, incluso diamantadas // -Útiles de taladrar // ÚTILES INTERCAMBIABLES PARA HERRAMIENTAS DE MANO,INCLUSO MECÁNICAS, O PARA MÁQUINAS HERRAMIENTA(POR EJEMPLO: DE EMBUTIR, ESTAMPAR, PUNZONAR,ROSCAR [INCLUSO ATERRAJAR], TALADRAR, ESCARIAR, BROCHAR, FRESAR, TORNEAR, ATORNILLAR), INCLUIDAS LAS HILERAS DE EXTRUDIR O DE TREFILAR (ESTIRAR)* METAL, ASI COMO LOS ÚTILES DE PERFORACIÓN O SONDEO.;82075011;Brocas helicoidales,c/diámetro <= a 52mm.,de metal común
25290;82075011126A;De diámetros superiores a 33 mm // De acero rápido tipo AISI M2, M7 o de       similar composición química, de diámetros       superiores o iguales a 23,25 mm pero        inferiores o iguales a 36 mm       (Res. 19/00 MEOSP) // Con vástago cono morse normal, según Norma      DIN 345 (R.1111/98 MEOSP) // Helicoidales, de diámetro inferior o igual a    52 mm // Brocas, incluso diamantadas // -Útiles de taladrar // ÚTILES INTERCAMBIABLES PARA HERRAMIENTAS DE MANO,INCLUSO MECÁNICAS, O PARA MÁQUINAS HERRAMIENTA(POR EJEMPLO: DE EMBUTIR, ESTAMPAR, PUNZONAR,ROSCAR [INCLUSO ATERRAJAR], TALADRAR, ESCARIAR, BROCHAR, FRESAR, TORNEAR, ATORNILLAR), INCLUIDAS LAS HILERAS DE EXTRUDIR O DE TREFILAR (ESTIRAR)* METAL, ASI COMO LOS ÚTILES DE PERFORACIÓN O SONDEO.;82075011;Brocas helicoidales,c/diámetro <= a 52mm.,de metal común
25291;82075011131T;De diámetros inferiores o iguales a 39 mm // De acero rápido tipo AISI M2, M7 o       de similar composición química, de       diámetros superiores a 36 mm       (Res. 19/00 MEOSP) // Con vástago cono morse normal, según Norma      DIN 345 (R.1111/98 MEOSP) // Helicoidales, de diámetro inferior o igual a    52 mm // Brocas, incluso diamantadas // -Útiles de taladrar // ÚTILES INTERCAMBIABLES PARA HERRAMIENTAS DE MANO,INCLUSO MECÁNICAS, O PARA MÁQUINAS HERRAMIENTA(POR EJEMPLO: DE EMBUTIR, ESTAMPAR, PUNZONAR,ROSCAR [INCLUSO ATERRAJAR], TALADRAR, ESCARIAR, BROCHAR, FRESAR, TORNEAR, ATORNILLAR), INCLUIDAS LAS HILERAS DE EXTRUDIR O DE TREFILAR (ESTIRAR)* METAL, ASI COMO LOS ÚTILES DE PERFORACIÓN O SONDEO.;82075011;Brocas helicoidales,c/diámetro <= a 52mm.,de metal común
25292;82075011132V;De diámetros superiores a 39 mm       pero inferiores o iguales a 45 mm // De acero rápido tipo AISI M2, M7 o       de similar composición química, de       diámetros superiores a 36 mm       (Res. 19/00 MEOSP) // Con vástago cono morse normal, según Norma      DIN 345 (R.1111/98 MEOSP) // Helicoidales, de diámetro inferior o igual a    52 mm // Brocas, incluso diamantadas // -Útiles de taladrar // ÚTILES INTERCAMBIABLES PARA HERRAMIENTAS DE MANO,INCLUSO MECÁNICAS, O PARA MÁQUINAS HERRAMIENTA(POR EJEMPLO: DE EMBUTIR, ESTAMPAR, PUNZONAR,ROSCAR [INCLUSO ATERRAJAR], TALADRAR, ESCARIAR, BROCHAR, FRESAR, TORNEAR, ATORNILLAR), INCLUIDAS LAS HILERAS DE EXTRUDIR O DE TREFILAR (ESTIRAR)* METAL, ASI COMO LOS ÚTILES DE PERFORACIÓN O SONDEO.;82075011;Brocas helicoidales,c/diámetro <= a 52mm.,de metal común
25332;82075011420D;Con parte operante diamantada // Las demás, con vástago cilíndrico // Helicoidales, de diámetro inferior o igual a    52 mm // Brocas, incluso diamantadas // -Útiles de taladrar // ÚTILES INTERCAMBIABLES PARA HERRAMIENTAS DE MANO,INCLUSO MECÁNICAS, O PARA MÁQUINAS HERRAMIENTA(POR EJEMPLO: DE EMBUTIR, ESTAMPAR, PUNZONAR,ROSCAR [INCLUSO ATERRAJAR], TALADRAR, ESCARIAR, BROCHAR, FRESAR, TORNEAR, ATORNILLAR), INCLUIDAS LAS HILERAS DE EXTRUDIR O DE TREFILAR (ESTIRAR)* METAL, ASI COMO LOS ÚTILES DE PERFORACIÓN O SONDEO.;82075011;Brocas helicoidales,c/diámetro <= a 52mm.,de metal común
25353;82075011811Z;De hasta 5 unidades inclusive // Que contengan 2 ó más artículos de los       desarrollos de segundo nivel       8207.50.11.11, 8207.50.11.12,       8207.50.11.13, 8207.50.11.21,       8207.50.11.22, 8207.50.11.23 ó del       desarrollo de primer nivel 8207.50.11.3 // Acondicionadas para la venta al por menor      conteniendo dos o más artículos de las      posiciones SIM anteriores // Helicoidales, de diámetro inferior o igual a    52 mm // Brocas, incluso diamantadas // -Útiles de taladrar // ÚTILES INTERCAMBIABLES PARA HERRAMIENTAS DE MANO,INCLUSO MECÁNICAS, O PARA MÁQUINAS HERRAMIENTA(POR EJEMPLO: DE EMBUTIR, ESTAMPAR, PUNZONAR,ROSCAR [INCLUSO ATERRAJAR], TALADRAR, ESCARIAR, BROCHAR, FRESAR, TORNEAR, ATORNILLAR), INCLUIDAS LAS HILERAS DE EXTRUDIR O DE TREFILAR (ESTIRAR)* METAL, ASI COMO LOS ÚTILES DE PERFORACIÓN O SONDEO.;82075011;Brocas helicoidales,c/diámetro <= a 52mm.,de metal común
25359;82075011893E;De 14 y hasta 19 unidades inclusive // Las demás // Acondicionadas para la venta al por menor      conteniendo dos o más artículos de las      posiciones SIM anteriores // Helicoidales, de diámetro inferior o igual a    52 mm // Brocas, incluso diamantadas // -Útiles de taladrar // ÚTILES INTERCAMBIABLES PARA HERRAMIENTAS DE MANO,INCLUSO MECÁNICAS, O PARA MÁQUINAS HERRAMIENTA(POR EJEMPLO: DE EMBUTIR, ESTAMPAR, PUNZONAR,ROSCAR [INCLUSO ATERRAJAR], TALADRAR, ESCARIAR, BROCHAR, FRESAR, TORNEAR, ATORNILLAR), INCLUIDAS LAS HILERAS DE EXTRUDIR O DE TREFILAR (ESTIRAR)* METAL, ASI COMO LOS ÚTILES DE PERFORACIÓN O SONDEO.;82075011;Brocas helicoidales,c/diámetro <= a 52mm.,de metal común
25370;82077020120T;De módulo superior a 3 pero inferior o       igual a 5 // Fresas-tornillo (Creadores) // De tallar engranajes // -Útiles de fresar // ÚTILES INTERCAMBIABLES PARA HERRAMIENTAS DE MANO,INCLUSO MECÁNICAS, O PARA MÁQUINAS HERRAMIENTA(POR EJEMPLO: DE EMBUTIR, ESTAMPAR, PUNZONAR,ROSCAR [INCLUSO ATERRAJAR], TALADRAR, ESCARIAR, BROCHAR, FRESAR, TORNEAR, ATORNILLAR), INCLUIDAS LAS HILERAS DE EXTRUDIR O DE TREFILAR (ESTIRAR)* METAL, ASI COMO LOS ÚTILES DE PERFORACIÓN O SONDEO.;82077020;Utiles de fresar,p/tallar engranajes,de metal común
25695;84031010110J;Para calefacción unicamente // Tiraje natural // Con capacidad inferior o igual a 200.000 kcal/h // -Calderas // CALDERAS PARA CALEFACCIÓN CENTRAL, EXCEPTO LAS DELA PARTIDA 84.02.;84031010;Calderas p/calefacción central c/capacidad <=a 200.000 kcal./h.
25899;84138100500Z;"Con motor de accionamiento de potencia      superior a 25 HP pero inferior o igual a       50 HP // --Bombas // -Las demás bombas; elevadores de líquidos: // BOMBAS PARA LÍQUIDOS, INCLUSO CON DISPOSITIVOMEDIDOR INCORPORADO; ELEVADORES DE LÍQUIDOS.";84138100;Bombas p/líquidos ncop.
25919;84141000112T;"De acople por disco de arrastre, de       diámetro superior o igual a 17 mm, pero       inferior a 26 mm // Rotativas accionadas mediante árbol de       levas de motores de combustión interna // De los tipos utilizados en vehículos de las      partidas 87.01 a 87.05 // -Bombas de vacío // BOMBAS DE AIRE O DE VACÍO, COMPRESORES DE AIRE UOTROS GASES Y VENTILADORES; CAMPANASASPIRANTES PARA EXTRACCIÓN O RECICLADO, CONVENTILADOR INCORPORADO, INCLUSO CON FILTRO.";84141000;Bombas de vacío
25928;84141000190P;"Las demás // De los tipos utilizados en vehículos de las      partidas 87.01 a 87.05 // -Bombas de vacío // BOMBAS DE AIRE O DE VACÍO, COMPRESORES DE AIRE UOTROS GASES Y VENTILADORES; CAMPANASASPIRANTES PARA EXTRACCIÓN O RECICLADO, CONVENTILADOR INCORPORADO, INCLUSO CON FILTRO.";84141000;Bombas de vacío
26076;84158110919Q;Los demás // Con capacidad inferior o igual a 20000       frigorías/h // Los demás // Con capacidad inferior o igual a 30.000   frigorías/h // --Con equipo de enfriamiento y válvula de   inversión del ciclo térmico (bombas de calor  reversibles) // -Los demás: // MÁQUINAS Y APARATOS PARA ACONDICIONAMIENTO DEAIRE QUE COMPRENDAN UN VENTILADOR CON MOTOR Y LOSDISPOSITIVOS ADECUADOS PARA MODIFICAR LA TEMPERATURA Y LA HUMEDAD, AUNQUE NO REGULENSEPARADAMENTE EL GRADO HIGROMETRICO.;84158110;Aparatos p/acondicionadores de aire c/equipo enfriamiento y válvula de inversión del ciclo térmico capacidad <= a 30000 frig/h
26092;84158210920L;Con capacidad superior a 20.000          frigorías/h pero inferior o igual a 25.000       frigorías/h // Los demas // Con capacidad inferior o igual a   30.000 frigorías/h // --Los demás, con equipo de enfriamiento // -Los demás: // MÁQUINAS Y APARATOS PARA ACONDICIONAMIENTO DEAIRE QUE COMPRENDAN UN VENTILADOR CON MOTOR Y LOSDISPOSITIVOS ADECUADOS PARA MODIFICAR LA TEMPERATURA Y LA HUMEDAD, AUNQUE NO REGULENSEPARADAMENTE EL GRADO HIGROMETRICO.;84158210;Aparatos p/acondicionadores de aire c/equipo de enfriamiento capacidad <= a 30000 frig/h
26094;84158290100P;Con capacidad inferior o igual a 35.000      frigorías/h // Los demás // --Los demás, con equipo de enfriamiento // -Los demás: // MÁQUINAS Y APARATOS PARA ACONDICIONAMIENTO DEAIRE QUE COMPRENDAN UN VENTILADOR CON MOTOR Y LOSDISPOSITIVOS ADECUADOS PARA MODIFICAR LA TEMPERATURA Y LA HUMEDAD, AUNQUE NO REGULENSEPARADAMENTE EL GRADO HIGROMETRICO.;84158290;Aparatos p/acondicionadores de aire c/equipo de enfriamiento ncop.
26146;84178020000D;Hornos industriales para fusión de vidrio // -Los demás // HORNOS INDUSTRIALES O DE LABORATORIO, INCLUIDOS LOS INCINERADORES, QUE NO SEAN ELECTRICOS.;84178020;Hornos industriales no eléctricos p/fusión de vidrio
26171;84186920000B;"Enfriadores de leche // --Los demás // -Los demás materiales, máquinas y aparatos para producción de frío; bombas de calor: // REFRIGERADORES, CONGELADORES Y DEMÁS MATERIAL,MÁQUINAS Y APARATOS PARA PRODUCCIÓN DE FRÍO, AUNQUE NO SEAN ELECTRICOS; BOMBAS DE CALOR,EXCEPTO LAS MÁQUINAS Y APARATOS PARA ACONDICIONAMIENTO DE AIRE DE LA PARTIDA 84.15.";84186920;Enfriadores de leche
26182;84186940193M;"Con capacidad superior a 7.000 frigorias/h       pero inferior o igual a 15.000 frigorias/h       (Res.101/01 ME) // Los demás // Diseñados para refrigeración (Res.101/01 ME) // Grupos frigoríficos de compresión para   refrigeración o aire acondicionado, con   capacidad inferior o igual a 30.000 frigorías/h // --Los demás // -Los demás materiales, máquinas y aparatos para producción de frío; bombas de calor: // REFRIGERADORES, CONGELADORES Y DEMÁS MATERIAL,MÁQUINAS Y APARATOS PARA PRODUCCIÓN DE FRÍO, AUNQUE NO SEAN ELECTRICOS; BOMBAS DE CALOR,EXCEPTO LAS MÁQUINAS Y APARATOS PARA ACONDICIONAMIENTO DE AIRE DE LA PARTIDA 84.15.";84186940;Grupos frigoríficos de compresión p/refrigeración o aire acondicionado c/capacidad <= a 30000 frig./h
26199;84191100910L;"De caudal inferior o igual a 7 l/min // Los demás // --De calentamiento instantáneo, de gas // -Calentadores de agua de calentamiento instantáneo o de acumulación, excepto los eléctricos: // APARATOS, DISPOSITIVOS O EQUIPOS DE LABORATORIO, AUNQUE SE CALIENTEN ELECTRICAMENTE (EXCEPTO LOS HORNOS Y DEMÁS APARATOS DE LA PARTIDA 85.14), PARA EL TRATAMIENTO DE MATERIAS MEDIANTE OPERACIONES QUE IMPLIQUEN UN CAMBIO DE TEMPERATURA, TALES COMO CALENTAMIENTO, COCCIÓN, TORREFACCIÓN, DESTILACIÓN, RECTIFICACIÓN, ESTERILIZACIÓN, PASTEURIZACIÓN, BAÑO DE VAPOR DE AGUA, SECADO, EVAPORACIÓN, VAPORIZACIÓN, CONDENSACIÓN O ENFRIAMIENTO, EXCEPTO LOS APARATOS DOMESTICOS; CALENTADORES DE AGUA DE CALENTAMIENTO INSTANTÁNEO O DE ACUMULACIÓN, EXCEPTO LOS ELECTRICOS.";84191100;Aparatos p/calentamiento instántaneo de agua,a gas 
26267;84201010199Q;Las demás // Las demás // Con cilindros de presión hidráulica // Para papel o cartón // -Calandrias y laminadores // CALANDRIAS Y LAMINADORES, EXCEPTO PARA METAL OVIDRIO, Y CILINDROS PARA ESTAS MÁQUINAS.;84201010;Calandrias y laminadores p/papel o cartón
26281;84211190200F;"De capacidad de procesamiento de leche      superior a 5.000 l/h pero inferior      o igual a 10.000 l/h // Las demás // --Desnatadoras (descremadoras) // -Centrifugadoras, incluidas las secadoras  centrífugas: // CENTRIFUGADORAS, INCLUIDAS LAS SECADORAS CENTRÍFUGAS; APARATOS PARA FILTRAR O DEPURAR LÍQUIDOS O GASES.";84211190;Desnatadoras c/capacidad de procesamiento de leche < a 30000l./h.
26308;84213990200E;"Ciclón depurador de aire, con motor      eléctrico incorporado de 7,5 kw y una      capacidad de procesamiento máximo igual a      2.000 m3/h // Los demás // --Los demás // -Aparatos para filtrar o depurar gases: // CENTRIFUGADORAS, INCLUIDAS LAS SECADORAS CENTRÍFUGAS; APARATOS PARA FILTRAR O DEPURAR LÍQUIDOS O GASES.";84213990;Aparatos p/filtrar o depurar gases,ncop.
26334;84223029100K;"Del tipo doméstico, con dispositivo de       soldar láminas de plástico para cerrar       envases // Los demás // Máquinas y aparatos de llenar, cerrar,   tapar, taponar o etiquetar botes o latas,   cajas, sacos (bolsas) o demás continentes;   máquinas y aparatos de capsular tarros,   tubos y continentes análogos // -Máquinas y aparatos para llenar, cerrar, tapar, taponar o etiquetar botellas, botes o latas, cajas, sacos (bolsas) o demás continentes; máquinas y aparatos de capsular botellas, tarros, tubos o continentes análogos; máquinas y aparatos para gasear bebidas // MÁQUINAS PARA LAVAR VAJILLA; MÁQUINAS Y APARATOSPARA LIMPIAR O SECAR BOTELLAS O DEMÁS RECIPIENTES;MÁQUINAS Y APARATOS PARA LLENAR, CERRAR, TAPAR,TAPONAR O ETIQUETAR BOTELLAS, BOTES O LATAS,CAJAS, SACOS (BOLSAS) O DEMÁS CONTINENTES;MÁQUINAS Y APARATOS DE CAPSULAR BOTELLAS, TARROS,TUBOS Y CONTINENTES ANÁLOGOS; LAS DEMÁS MÁQUINAS YAPARATOS PARA EMPAQUETAR O ENVOLVER MERCANCÍAS(INCLUÍDAS LAS DE ENVOLVER CON PELÍCULATERMORRETRÁCTIL); MÁQUINAS Y APARATOS PARA GASEARBEBIDAS";84223029;Máquina p/etiquetar botellas u otros continentes,ncop.
26338;84224010000Q;"Horizontales, aptas para el empaquetado de    pastas alimenticias largas (largo superior a   200 mm) en paquetes tipo almohada («pillow-   pack»), con capacidad de producción superior   a 100 paquetes por minuto y controlador lógico   programable (PLC) // -Las demás máquinas y aparatos para empaquetar o envolver mercancías (incluidas las de envolver con película termorretráctil) // MÁQUINAS PARA LAVAR VAJILLA; MÁQUINAS Y APARATOSPARA LIMPIAR O SECAR BOTELLAS O DEMÁS RECIPIENTES;MÁQUINAS Y APARATOS PARA LLENAR, CERRAR, TAPAR,TAPONAR O ETIQUETAR BOTELLAS, BOTES O LATAS,CAJAS, SACOS (BOLSAS) O DEMÁS CONTINENTES;MÁQUINAS Y APARATOS DE CAPSULAR BOTELLAS, TARROS,TUBOS Y CONTINENTES ANÁLOGOS; LAS DEMÁS MÁQUINAS YAPARATOS PARA EMPAQUETAR O ENVOLVER MERCANCÍAS(INCLUÍDAS LAS DE ENVOLVER CON PELÍCULATERMORRETRÁCTIL); MÁQUINAS Y APARATOS PARA GASEARBEBIDAS";84224010;Maquinas y aparatos p/empaquetar o envolver mercancías,horizontales aptas p/empaquetado de pasta alimenticias largas
26366;84233019900M;"Las demás // Las demás // Dosificadoras // -Básculas y balanzas para pesada constante,  incluidas las de descargar pesos determinados en sacos (bolsas) u otros recipientes, así como las dosificadoras de tolva // APARATOS E INSTRUMENTOS DE PESAR, INCLUIDAS LAS BÁSCULAS Y BALANZAS DE COMPROBAR O CONTARPIEZAS FABRICADAS, EXCEPTO LAS BALANZASSENSIBLES A UN PESO INFERIOR O IGUAL A 5 cg;PESAS PARA TODA CLASE DE BÁSCULAS O BALANZAS.";84233019;Dosificadoras ncop.
26386;84238900900M;"Las demás // --Los demás // -Los demás aparatos e instrumentos de pesar: // APARATOS E INSTRUMENTOS DE PESAR, INCLUIDAS LAS BÁSCULAS Y BALANZAS DE COMPROBAR O CONTARPIEZAS FABRICADAS, EXCEPTO LAS BALANZASSENSIBLES A UN PESO INFERIOR O IGUAL A 5 cg;PESAS PARA TODA CLASE DE BÁSCULAS O BALANZAS.";84238900;Aparatos e instrumentos p/pesar c/capacidad > a 5000 kg.
26431;84241000189B;"Los demás // A base de mezclas de dihidrogenoortofosfato       de amonio (fosfato monoamónico) y sulfato       de amonio // Cargados // -Extintores, incluso cargados // APARATOS MECÁNICOS (INCLUSO MANUALES) PARAPROYECTAR, DISPERSAR O PULVERIZAR MATERIASLíQUIDAS O EN POLVO; EXTINTORES, INCLUSO CARGADOS; PISTOLAS AEROGRÁFICAS Y APARATOS SIMILARES; MÁQUINAS Y APARATOS DE CHORRO DE ARENA O DE VAPOR Y APARATOS DE CHORRO SIMILARES.";84241000;Extintores,incluso cargados
26434;84241000193R;"De capacidad superior a 5 kg pero inferior       o igual a 15 kg // Los demás // Cargados // -Extintores, incluso cargados // APARATOS MECÁNICOS (INCLUSO MANUALES) PARAPROYECTAR, DISPERSAR O PULVERIZAR MATERIASLíQUIDAS O EN POLVO; EXTINTORES, INCLUSO CARGADOS; PISTOLAS AEROGRÁFICAS Y APARATOS SIMILARES; MÁQUINAS Y APARATOS DE CHORRO DE ARENA O DE VAPOR Y APARATOS DE CHORRO SIMILARES.";84241000;Extintores,incluso cargados
26500;84253110120F;"Con motor de accionamiento de potencia       superior o igual a 3.38 kW (4,5 HP) pero       inferior o igual a 5.63 kW (7.5 HP) // Mecanismo motor para ascensores y      montacargas, provisto de polea y dispositivo      de freno // De capacidad inferior o igual a 100 t // --Con motor eléctrico // -Tornos; cabrestantes: // POLIPASTOS; TORNOS Y CABRESTANTES; GATOS.";84253110;Tornos y cabrestantes de minas c/motor eléctrico,capacidad <= a 100 t.
26507;84253110990X;"Los demás // Los demás // De capacidad inferior o igual a 100 t // --Con motor eléctrico // -Tornos; cabrestantes: // POLIPASTOS; TORNOS Y CABRESTANTES; GATOS.";84253110;Tornos y cabrestantes de minas c/motor eléctrico,capacidad <= a 100 t.
26573;84271019320G;"De torre triple // Con capacidad de carga superior a 2,5 t      pero inferior o igual a 3,5 t // Las demás // Apiladoras // -Carretillas autopropulsadas con motor eléctrico // CARRETILLAS APILADORAS; LAS DEMÁS CARRETILLAS DE MANIPULACIÓN CON DISPOSITIVO DE ELEVACIÓNINCORPORADO.";84271019;Carretillas apiladoras c/motor eléctrico,capacidad de carga <= a 6,5 t.
26594;84272010190P;"Las demás // Con capacidad de carga inferior a 10 t // Apiladoras con capacidad de carga superior a   6,5 t // -Las demás carretillas autopropulsadas // CARRETILLAS APILADORAS; LAS DEMÁS CARRETILLAS DE MANIPULACIÓN CON DISPOSITIVO DE ELEVACIÓNINCORPORADO.";84272010;Carretillas apiladoras excluidas c/motor eléctrico,capacidad de carga > a 6,5 t.
26598;84272010990H;"Las demás // Las demás // Apiladoras con capacidad de carga superior a   6,5 t // -Las demás carretillas autopropulsadas // CARRETILLAS APILADORAS; LAS DEMÁS CARRETILLAS DE MANIPULACIÓN CON DISPOSITIVO DE ELEVACIÓNINCORPORADO.";84272010;Carretillas apiladoras excluidas c/motor eléctrico,capacidad de carga > a 6,5 t.
26605;84272090290Y;"Las demás // Con capacidad de carga superior a 1 t pero      inferior o igual a 2,5 t // Las demás // -Las demás carretillas autopropulsadas // CARRETILLAS APILADORAS; LAS DEMÁS CARRETILLAS DE MANIPULACIÓN CON DISPOSITIVO DE ELEVACIÓNINCORPORADO.";84272090;Carretillas autopropulsadas excluidas c/motor eléctrico,capacidad de carga <= a 6,5 t.
26615;84272090920N;"De torre triple // Las demás // Las demás // -Las demás carretillas autopropulsadas // CARRETILLAS APILADORAS; LAS DEMÁS CARRETILLAS DE MANIPULACIÓN CON DISPOSITIVO DE ELEVACIÓNINCORPORADO.";84272090;Carretillas autopropulsadas excluidas c/motor eléctrico,capacidad de carga <= a 6,5 t.
26627;84281000119C;Los demás // Electromecánicos // Ascensores // -Ascensores y montacargas // LAS DEMÁS MÁQUINAS Y APARATOS DE ELEVACIÓN, CARGA, DESCARGA O MANIPULACIÓN (POR EJEMPLO:ASCENSORES, ESCALERAS MECÁNICAS, TRANSPORTADORES,TELÉFERICOS).;84281000;Ascensores y montacargas
26641;84281000292U;De capacidad de carga superior a 100 kg       pero inferior o igual a 500 kg // Los demás // Montacargas electromecánicos // -Ascensores y montacargas // LAS DEMÁS MÁQUINAS Y APARATOS DE ELEVACIÓN, CARGA, DESCARGA O MANIPULACIÓN (POR EJEMPLO:ASCENSORES, ESCALERAS MECÁNICAS, TRANSPORTADORES,TELÉFERICOS).;84281000;Ascensores y montacargas
26643;84281000294Y;De capacidad de carga superior a 1.500 kg       pero inferior o igual a 5.000 kg // Los demás // Montacargas electromecánicos // -Ascensores y montacargas // LAS DEMÁS MÁQUINAS Y APARATOS DE ELEVACIÓN, CARGA, DESCARGA O MANIPULACIÓN (POR EJEMPLO:ASCENSORES, ESCALERAS MECÁNICAS, TRANSPORTADORES,TELÉFERICOS).;84281000;Ascensores y montacargas
26698;84295212000Y;De potencia en volante inferior o igual a    40,3 kW (54 HP) // Excavadoras // --Máquinas cuya superestructura pueda girar 360° // -Palas mecánicas, excavadoras, cargadoras y palas cargadoras: // TOPADORAS FRONTALES («BULLDOZERS»), TOPADORAS ANGULARES («ANGLEDOZERS»), NIVELADORAS, TRAÍLLAS(«SCRAPERS»), PALAS MECÁNICAS, EXCAVADORAS, CARGADORAS, PALAS CARGADORAS, COMPACTADORAS YAPISONADORAS (APLANADORAS), AUTOPROPULSADAS.;84295212;Excavadora c/giro de 360º,de potencia en el volante <= a 40,3 kw (54 hp)
26719;84305000000D;"-Las demás máquinas y aparatos, autopropulsados // LAS DEMÁS MÁQUINAS Y APARATOS DE EXPLANAR, NIVELAR, TRAILLAR («SCRAPING»), EXCAVAR,COMPACTAR, APISONAR (APLANAR), EXTRAER OPERFORAR TIERRA O MINERALES;  MARTINETESY MÁQUINAS PARA ARRANCAR PILOTES, ESTACAS OSIMILARES; QUITANIEVES.";84305000;Máquinas autopropulsadas p/extracción,nivelación compactación y similares del suelo,ncop.
26723;84306100190P;"Los demás // Rodillos apisonadores // --Máquinas y aparatos de compactar o apisonar  (aplanar) // -Las demás máquinas y aparatos, sin propulsión: // LAS DEMÁS MÁQUINAS Y APARATOS DE EXPLANAR, NIVELAR, TRAILLAR («SCRAPING»), EXCAVAR,COMPACTAR, APISONAR (APLANAR), EXTRAER OPERFORAR TIERRA O MINERALES;  MARTINETESY MÁQUINAS PARA ARRANCAR PILOTES, ESTACAS OSIMILARES; QUITANIEVES.";84306100;Máquinas y aparatos s/propulsión,p/compactar o apisonar
26726;84306911000T;"Con capacidad de carga superior a 4 m3 // Equipamientos frontales para excavadoras,   cargadoras o palas cargadoras // --Los demás // -Las demás máquinas y aparatos, sin propulsión: // LAS DEMÁS MÁQUINAS Y APARATOS DE EXPLANAR, NIVELAR, TRAILLAR («SCRAPING»), EXCAVAR,COMPACTAR, APISONAR (APLANAR), EXTRAER OPERFORAR TIERRA O MINERALES;  MARTINETESY MÁQUINAS PARA ARRANCAR PILOTES, ESTACAS OSIMILARES; QUITANIEVES.";84306911;Equipamientos frontales p/palas excavadoras cargadoras o cargadoras,s/propulsión,capacidad de carga > a 4 m3
26800;84335100900V;"Las demás // --Cosechadoras-trilladoras // -Las demás máquinas y aparatos de cosechar; máquinas y aparatos de trillar: // MÁQUINAS, APARATOS Y ARTEFACTOS DE COSECHAR OTRILLAR, INCLUIDAS LAS PRENSAS PARA PAJA O FORRAJE; CORTADORAS DE CESPED Y GUADAÑADORAS;MÁQUINAS PARA LIMPIEZA O CLASIFICACIÓN DEHUEVOS, FRUTOS O DEMÁS PRODUCTOS AGRÍCOLAS,EXCEPTO LAS DE LA PARTIDA 84.37.";84335100;Cosechadoras-trilladoras
26801;84335200100N;"Autopropulsados (D.N.849/96 y      D.N.1034/96 DNRNPAyCP) // --Las demás máquinas y aparatos de trillar // -Las demás máquinas y aparatos de cosechar; máquinas y aparatos de trillar: // MÁQUINAS, APARATOS Y ARTEFACTOS DE COSECHAR OTRILLAR, INCLUIDAS LAS PRENSAS PARA PAJA O FORRAJE; CORTADORAS DE CESPED Y GUADAÑADORAS;MÁQUINAS PARA LIMPIEZA O CLASIFICACIÓN DEHUEVOS, FRUTOS O DEMÁS PRODUCTOS AGRÍCOLAS,EXCEPTO LAS DE LA PARTIDA 84.37.";84335200;Máquinas y aparatos p/trillar,ncop.
26802;84335200900G;"Los demás // --Las demás máquinas y aparatos de trillar // -Las demás máquinas y aparatos de cosechar; máquinas y aparatos de trillar: // MÁQUINAS, APARATOS Y ARTEFACTOS DE COSECHAR OTRILLAR, INCLUIDAS LAS PRENSAS PARA PAJA O FORRAJE; CORTADORAS DE CESPED Y GUADAÑADORAS;MÁQUINAS PARA LIMPIEZA O CLASIFICACIÓN DEHUEVOS, FRUTOS O DEMÁS PRODUCTOS AGRÍCOLAS,EXCEPTO LAS DE LA PARTIDA 84.37.";84335200;Máquinas y aparatos p/trillar,ncop.
26813;84335990130V;"De caña de azucar // Autopropulsadas // Los demás // --Los demás // -Las demás máquinas y aparatos de cosechar; máquinas y aparatos de trillar: // MÁQUINAS, APARATOS Y ARTEFACTOS DE COSECHAR OTRILLAR, INCLUIDAS LAS PRENSAS PARA PAJA O FORRAJE; CORTADORAS DE CESPED Y GUADAÑADORAS;MÁQUINAS PARA LIMPIEZA O CLASIFICACIÓN DEHUEVOS, FRUTOS O DEMÁS PRODUCTOS AGRÍCOLAS,EXCEPTO LAS DE LA PARTIDA 84.37.";84335990;Cosechadoras ncop.
26836;84342010000V;Para el tratamiento de la leche // -Máquinas y aparatos para la industria lechera // MÁQUINAS DE ORDEÑAR Y MÁQUINAS Y APARATOS PARA LA INDUSTRIA LECHERA.;84342010;Máquinas p/el tratamiento de la leche
26855;84351000400L;Estrujadoras de uvas // -Máquinas y aparatos // PRENSAS, ESTRUJADORAS Y MÁQUINAS Y APARATOSANÁLOGOS PARA LA PRODUCCION DE VINO, SIDRA, JUGOS DE FRUTOS O BEBIDAS SIMILARES.;84351000;Máquinas y aparatos p/la producción de vinos,sidra,jugos de frutas o similares
26866;84368000200T;Mezcladoras de abonos // -Las demás máquinas y aparatos // LAS DEMÁS MÁQUINAS Y APARATOS PARA LA AGRICULTURA, HORTICULTURA, SILVICULTURA,AVICULTURA O APICULTURA, INCLUIDOS LOS GERMINADORES CON DISPOSITIVOS MECÁNICOS OTERMICOS INCORPORADOS Y LAS INCUBADORAS Y CRIADORAS AVÍCOLAS.;84368000;Máquinas y aparatos p/agricultura,horticultura,silvicultura,avicultura o apicultura,ncop.
27096;84451922000C;"Desmotadoras y deslintadoras de algodón // Máquinas para la preparación de otras materias   textiles // --Las demás // -Máquinas para la preparación de materia textil: // MÁQUINAS PARA LA PREPARACIÓN DE MATERIATEXTIL; MÁQUINAS PARA HILAR, DOBLAR O RETORCERMATERIA TEXTIL Y DEMÁS MÁQUINAS Y APARATOS PARA LA FABRICACIÓN DE HILADOS TEXTILES; MÁQUINAS PARABOBINAR (INCLUIDAS LAS CANILLERAS) O DEVANAR MATERIA TEXTIL Y MÁQUINAS PARA LA PREPARACIÓN DEHILADOS TEXTILES PARA SU UTILIZACIÓN EN LASMÁQUINAS DE LAS PARTIDAS 84.46 U 84.47.";84451922;Desmotadoras y deslintadoras de algodón
27108;84454018000Y;"Las demás con dispositivo anudador o    empalmador automático // con dispositivo anudador o    empalmador automático // Bobinadoras automáticas // -Máquinas para bobinar (incluidas las canilleras) o devanar materia textil // MÁQUINAS PARA LA PREPARACIÓN DE MATERIATEXTIL; MÁQUINAS PARA HILAR, DOBLAR O RETORCERMATERIA TEXTIL Y DEMÁS MÁQUINAS Y APARATOS PARA LA FABRICACIÓN DE HILADOS TEXTILES; MÁQUINAS PARABOBINAR (INCLUIDAS LAS CANILLERAS) O DEVANAR MATERIA TEXTIL Y MÁQUINAS PARA LA PREPARACIÓN DEHILADOS TEXTILES PARA SU UTILIZACIÓN EN LASMÁQUINAS DE LAS PARTIDAS 84.46 U 84.47.";84454018;Bobinadoras automáticas de materias textiles,c/dispositivo anudador o empalmador automático
27121;84461010000N;Con mecanismo Jacquard // -Para tejidos de anchura inferior o igual a 30 cm // TELARES.;84461010;Telares p/tejidos de anchura <= a 30 cm.c/mecanismo jacquard
27125;84463010000R;A chorro de aire // -Para tejidos de anchura superior a 30 cm, sin lanzadera // TELARES.;84463010;Telares p/tejidos de anchura > a 30 cm.s/lanzadera,a chorro de aire
27215;84490099000B;"Las demás // Partes // MÁQUINAS Y APARATOS PARA LA FABRICACIÓN O ACABADO DEL FIELTRO O TELA SIN TEJER,EN PIEZA O CON FORMA, INCLUIDAS LAS MÁQUINAS YAPARATOS PARA LA FABRICACIÓN DE SOMBREROS DEFIELTRO; HORMAS DE SOMBRERERÍA.";84490099;Partes de máquinas y aparatos p/fabricación  o acabado del fieltro,p/fabricación de sombreros y p/hormas de sombrerería 
27324;84543010000A;A presión // -Máquinas de colar (moldear) // CONVERTIDORES, CUCHARAS DE COLADA, LINGOTERAS YMÁQUINAS DE COLAR (MOLDEAR), PARA METALURGIA,ACERÍAS O FUNDICIONES.;84543010;Máquinas de colar a presión p/metalurgia,acerías o fundiciones
27347;84563019100L;"De mando tridimencional con movimiento      planetario // Las demás // De control numérico // -Que operen por electroerosión // MÁQUINAS HERRAMIENTA QUE TRABAJEN POR ARRANQUE DECUALQUIER MATERIA MEDIANTE LÁSER U OTROS HACES DELUZ O DE FOTONES, POR ULTRASONIDO,ELECTROEROSIÓN, PROCESOS ELECTROQUÍMICOS, HACESDE ELECTRONES, HACES IÓNICOS O CHORRO DE PLASMA; MÁQUINAS PARA CORTAR POR CHORRO DE AGUA.";84563019;Máquinas herramienta que operen por electroerosión,de control numérico,excluidas p/texturizar superficies cilíndricas 
27368;84592191000B;De más de un cabezal mono o multihusillo // Las demás // --De control numérico // -Las demás máquinas de taladrar: // MÁQUINAS (INCLUIDAS LAS UNIDADES DE MECANIZADODE CORREDERAS) DE TALADRAR, ESCARIAR, FRESAR OROSCAR (INCLUSO ATERRAJAR), METAL POR ARRANQUE DE MATERIA, EXCEPTO LOS TORNOS (INCLUIDOS LOS CENTROS DE TORNEADO) DE LA PARTIDA 84.58.;84592191;Máquinas de taladrar,de control numérico, de más de un cabezal mono o multihusillo,excluidas radiales
27369;84592199000M;Las demás // Las demás // --De control numérico // -Las demás máquinas de taladrar: // MÁQUINAS (INCLUIDAS LAS UNIDADES DE MECANIZADODE CORREDERAS) DE TALADRAR, ESCARIAR, FRESAR OROSCAR (INCLUSO ATERRAJAR), METAL POR ARRANQUE DE MATERIA, EXCEPTO LOS TORNOS (INCLUIDOS LOS CENTROS DE TORNEADO) DE LA PARTIDA 84.58.;84592199;Máquinas de taladrar,de control numérico,ncop.
27430;84622100410X;"Chapas // De enderezar o aplanar // --De control numérico // -Máquinas (incluidas las prensas) de enrollar, curvar, plegar, enderezar o aplanar: // MÁQUINAS (INCLUIDAS LAS PRENSAS) DE FORJAR OESTAMPAR, MARTILLOS PILÓN Y OTRAS MÁQUINAS DEMARTILLAR, PARA TRABAJAR METAL; MÁQUINAS(INCLUIDAS LAS PRENSAS) DE ENROLLAR, CURVAR,PLEGAR, ENDEREZAR, APLANAR, CIZALLAR, PUNZONAR OENTALLAR, METAL; PRENSAS DE TRABAJAR METAL OCARBUROS METÁLICOS, NO EXPRESADAS ANTERIORMENTE.";84622100;Máquinas de enrollar,curvar,plegar,enderezar o aplanar metales,de control numérico
27472;84649011000N;De control numérico, de rectificar, fresar    y perforar // Para vidrio // -Las demás // MÁQUINAS HERRAMIENTA PARA TRABAJAR PIEDRA,CERÁMICA, HORMIGÓN, AMIANTO CEMENTOO MATERIAS MINERALES SIMILARES, O PARA TRABAJAREL VIDRIO EN FRÍO.;84649011;Máquinas herramientas de rectificar,fresar y perforar p/vidrio en frío,de control numérico
27484;84659290100G;"Espigadoras con cargador automático // Las demás // --Máquinas de cepillar; máquinas de fresar o  moldurar // -Las demás: // MÁQUINAS HERRAMIENTA (INCLUIDAS LAS DE CLAVAR,GRAPAR, ENCOLAR O ENSAMBLAR DE OTRO MODO) PARATRABAJAR MADERA, CORCHO, HUESO, CAUCHO ENDURECIDO, PLÁSTICO RÍGIDO O MATERIAS DURASSIMILARES.";84659290;Cepilladoras,máquinas p/fresar o moldurar madera,corcho hueso,caucho,materias plásticas o similares,ncop.
27494;84659592000C;De mortajar // Las demás // --Máquinas de taladrar o mortajar // -Las demás: // MÁQUINAS HERRAMIENTA (INCLUIDAS LAS DE CLAVAR,GRAPAR, ENCOLAR O ENSAMBLAR DE OTRO MODO) PARATRABAJAR MADERA, CORCHO, HUESO, CAUCHO ENDURECIDO, PLÁSTICO RÍGIDO O MATERIAS DURASSIMILARES.;84659592;Máquinas de mortajar p/madera,corcho,hueso,caucho,materias plásticas o similares,excluidas de control numérico
27543;84671900230R;Rompepavimentos // Martillos // --Las demás // -Neumáticas: // HERRAMIENTAS NEUMÁTICAS, HIDRÁULICAS O CON MOTORINCORPORADO,INCLUSO ELECTRICO, DE USO MANUAL.;84671900;Grapadoras,clavadoras y otras herramientas neumáticas de uso manual excluidas rotativas
27692;84742010100H;"Trituradores // De bolas // -Máquinas y aparatos de quebrantar, triturar o pulverizar // MÁQUINAS Y APARATOS DE CLASIFICAR, CRIBAR,SEPARAR, LAVAR, QUEBRANTAR, TRITURAR, PULVERIZAR, MEZCLAR, AMASAR O SOBAR, TIERRA,PIEDRA U OTRA MATERIA MINERAL SÓLIDA (INCLUIDOSEL POLVO Y LA PASTA); MÁQUINAS DE AGLOMERAR,FORMAR O MOLDEAR COMBUSTIBLES MINERALESSÓLIDOS, PASTAS CERÁMICAS, CEMENTO, YESO O DEMÁSMATERIAS MINERALES EN POLVO O PASTA; MÁQUINASDE HACER MOLDES DE ARENA PARA FUNDICIÓN.";84742010;Máquinas y aparatos de bolas p/quebrantar,triturar o pulverizar tierra,piedra u otra materia mineral sólida
27694;84742090110P;"Giratorios de conos // Quebrantadores // Los demás // -Máquinas y aparatos de quebrantar, triturar o pulverizar // MÁQUINAS Y APARATOS DE CLASIFICAR, CRIBAR,SEPARAR, LAVAR, QUEBRANTAR, TRITURAR, PULVERIZAR, MEZCLAR, AMASAR O SOBAR, TIERRA,PIEDRA U OTRA MATERIA MINERAL SÓLIDA (INCLUIDOSEL POLVO Y LA PASTA); MÁQUINAS DE AGLOMERAR,FORMAR O MOLDEAR COMBUSTIBLES MINERALESSÓLIDOS, PASTAS CERÁMICAS, CEMENTO, YESO O DEMÁSMATERIAS MINERALES EN POLVO O PASTA; MÁQUINASDE HACER MOLDES DE ARENA PARA FUNDICIÓN.";84742090;Máquinas y aparatos excluidos de bolas p/quebrantar,triturar o pulverizar tierra,piedra u otra materia mineral sólida
27726;84752910000D;"Para fabricar recipientes de la partida 70.10,   excepto ampollas // --Las demás // -Máquinas para fabricar o trabajar en caliente el vidrio o sus manufacturas: // MÁQUINAS PARA MONTAR LÁMPARAS, TUBOS O VÁLVULASELECTRICOS O ELECTRÓNICOS O LÁMPARAS DE DESTELLO,QUE TENGAN ENVOLTURA DE VIDRIO; MÁQUINAS PARAFABRICAR O TRABAJAR EN CALIENTE EL VIDRIO O SUSMANUFACTURAS.";84752910;Máquinas p/fabricar recipientes de vidrio en caliente de la partida 7010 excluidas ampollas
27731;84768100000B;--Con dispositivo de calentamiento o  refrigeración, incorporado // -Las demás: // MÁQUINAS AUTOMÁTICAS PARA LA VENTA DE PRODUCTOS(POR EJEMPLO: SELLOS [ESTAMPILLAS], CIGARRILLOS,ALIMENTOS, BEBIDAS), INCLUIDAS LAS MÁQUINAS PARACAMBIAR MONEDA.;84768100;Máquinas automáticas p/venta excluidas bebidas,c/dispositivo de calentamiento o refrigeración incorporados
27751;84772090300C;"Extrusora para trabajar caucho, de diámetro      de tornillo superior o igual a 90 mm;      incluso con dispositivo alimentador,      dosificador automático de caucho, cabezal      con filtro de malla metálica, tablero de      control y mando // Las demás // -Extrusoras // MÁQUINAS Y APARATOS PARA TRABAJAR CAUCHO O PLÁSTICO O PARA FABRICAR PRODUCTOS DE ESTASMATERIAS, NO EXPRESADOS NI COMPRENDIDOS EN OTRA PARTE DE ESTE CAPÍTULO.";84772090;Máquinas extrusoras p/caucho o plástico,ncop.
27794;84794000300E;Cableadoras // -Máquinas de cordelería o cablería // MÁQUINAS Y APARATOS MECÁNICOS CON FUNCIÓNPROPIA, NO EXPRESADOS NI COMPRENDIDOS EN OTRAPARTE DE ESTE CAPÍTULO.;84794000;Máquinas de cordelería o cablería
27828;84804910000K;"Coquillas // --Los demás // -Moldes para metales o carburos metálicos: // CAJAS DE FUNDICIÓN; PLACAS DE FONDO PARAMOLDES; MODELOS PARA MOLDES; MOLDES PARA METAL (EXCEPTO LAS LINGOTERAS), CARBUROS METÁLICOS, VIDRIO, MATERIA MINERAL, CAUCHO O PLÁSTICO.";84804910;Coquillas
28045;85013120140N;"De potencia máxima de generación superior       a 29 W pero inferior o igual a 34 W // Fotovoltaicos // Generadores // --De potencia inferior o igual a 750 W // -Los demás motores de corriente continua; generadores de corriente continua: // MOTORES Y GENERADORES, ELECTRICOS, EXCEPTO LOSGRUPOS ELECTRÓGENOS.";85013120;Generadores eléctricos de potencia <= a 750 W
28082;85014019935A;De potencia superior a 1,5 kW pero inferior       o igual a 3 kW // Asincrónicos, de 4 o más polos, de potencia       nominal superior o igual a 0,12 kW pero       inferior o igual a 3 kW, y de peso superior       o igual a 4 kg pero inferior a 45 kg,       excepto los para máquinas de coser       industriales con freno y embrague acoplado // Los demás // Los demás // De potencia inferior o igual a 15 kW // -Los demás motores de corriente alterna, monofásicos // MOTORES Y GENERADORES, ELECTRICOS, EXCEPTO LOSGRUPOS ELECTRÓGENOS.;85014019;Motores de corriente alterna,monofásicos,excluidos sícronos,de potencia <= a 15 kW 
28120;85021190900C;Los demás // Los demás // --De potencia inferior o igual a 75 kVA // -Grupos electrógenos con motor de embolo (pistón) de encendido por compresión (motores diésel o semi-diesel): // GRUPOS ELECTRÓGENOS Y CONVERTIDORES ROTATIVOSELECTRICOS.;85021190;Grupo electrógeno c/motor de émbolo de encendido por compresión,de potencia <= a 75kVA excluido de corriente alterna
28123;85021311000G;De potencia inferior o igual a 430 kVA // De corriente alterna // --De potencia superior a 375 kVA // -Grupos electrógenos con motor de embolo (pistón) de encendido por compresión (motores diésel o semi-diesel): // GRUPOS ELECTRÓGENOS Y CONVERTIDORES ROTATIVOSELECTRICOS.;85021311;Grupo electrógeno c/motor de émbolo de encendido por compresión,de corriente alterna,de potencia > a 375 kVA y <= a 430 kVA 
28134;85024010000F;De frecuencia // -Convertidores rotativos eléctricos // GRUPOS ELECTRÓGENOS Y CONVERTIDORES ROTATIVOSELECTRICOS.;85024010;Convertidores rotativos eléctricos,de frecuencia
28161;85042100229D;Los demás // De potencia superior a 100 kVA // Trifásicos // --De potencia inferior o igual a 650 kVA // -Transformadores de dieléctrico líquido: // Transformadores electricos, convertidores electricos estáticos (por ejemplo, rectificadores) y bobinas de reactancia (autoinducción).;85042100;Transformadores de dieléctrico líquido,de potencia <=a  650 kVA
28166;85042200990G;Los demás // Los demás // --De potencia superior a 650 kVA pero inferior o  igual a 10.000 kVA // -Transformadores de dieléctrico líquido: // Transformadores electricos, convertidores electricos estáticos (por ejemplo, rectificadores) y bobinas de reactancia (autoinducción).;85042200;Transformadores de dieléctrico líquido,de potencia > a 650 kVA y <= a 10000 kVA
28167;85042300111B;De tensión inferior o igual a 220 kV // Trifásicos // De potencia inferior o igual a 600.000 kVA // --De potencia superior a 10.000 kVA // -Transformadores de dieléctrico líquido: // Transformadores electricos, convertidores electricos estáticos (por ejemplo, rectificadores) y bobinas de reactancia (autoinducción).;85042300;Transformadores de dieléctrico líquido,de potencia > a 10000 kVA
28483;85176149000G;"Las demás // De telecomunicaciones por satélite // --Estaciones base // -Los demás aparatos para emisión, transmisión o recepción de voz, imagen u otros datos, incluidos los de comunicación en red con o sin cable (tales como redes locales (LAN) o extendidas (WAN)): // TELEFONOS, INCLUIDOS LOS TELEFONOS CELULARES (MÓVILES)* Y LOS DE OTRAS REDES INALÁMBRICAS; LOS DEMÁS APARATOS DE EMISIÓN, TRANSMISIÓN O RECEPCIÓN DE VOZ, IMAGEN U OTROS DATOS, INCLUIDOS LOS DE COMUNICACIÓN EN RED CON O SIN CABLE (TALES COMO REDES LOCALES (LAN) O EXTENDIDAS (WAN)), DISTINTOS DE LOS APARATOS DE EMISIÓN, TRANSMISIÓN O RECEPCIÓN DE LAS PARTIDAS 84.43, 85.25, 85.27 U 85.28";85176149;Estaciones base de telecomunicaciones por satélite ncop.
28916;85311090112Y;De cantidad de zonas superior a 5 pero       inferior o igual a 9 // Únicamente panel de mando (teclado) con       dispositivo de indicación mediante diodos       emisores de luz (LED) // Avisadores eléctricos de protección contra      robo // Los demás // -Avisadores electricos de protección contra robo o incendio y aparatos similares // APARATOS ELECTRICOS DE SEÑALIZACIÓN ACÚSTICA OVISUAL (POR EJEMPLO: TIMBRES, SIRENAS, TABLEROSINDICADORES, AVISADORES DE PROTECCIÓN CONTRAROBO O INCENDIO), EXCEPTO LOS DE LAS PARTIDAS85.12 U 85.30.;85311090;Avisadores eléctricos de protección contra robo o incendio excluido alarmas
28918;85311090114C;De cantidad de zonas superior a 17 pero       inferior o igual a 33 // Únicamente panel de mando (teclado) con       dispositivo de indicación mediante diodos       emisores de luz (LED) // Avisadores eléctricos de protección contra      robo // Los demás // -Avisadores electricos de protección contra robo o incendio y aparatos similares // APARATOS ELECTRICOS DE SEÑALIZACIÓN ACÚSTICA OVISUAL (POR EJEMPLO: TIMBRES, SIRENAS, TABLEROSINDICADORES, AVISADORES DE PROTECCIÓN CONTRAROBO O INCENDIO), EXCEPTO LOS DE LAS PARTIDAS85.12 U 85.30.;85311090;Avisadores eléctricos de protección contra robo o incendio excluido alarmas
28926;85311090132E;De cantidad de zonas superior a 5 pero       inferior o igual a 9 // Únicamente panel de mando (teclado) con       dispositivo de indicación mediante diodos       emisores de luz (LED), presentado con la       unidad de control // Avisadores eléctricos de protección contra      robo // Los demás // -Avisadores electricos de protección contra robo o incendio y aparatos similares // APARATOS ELECTRICOS DE SEÑALIZACIÓN ACÚSTICA OVISUAL (POR EJEMPLO: TIMBRES, SIRENAS, TABLEROSINDICADORES, AVISADORES DE PROTECCIÓN CONTRAROBO O INCENDIO), EXCEPTO LOS DE LAS PARTIDAS85.12 U 85.30.;85311090;Avisadores eléctricos de protección contra robo o incendio excluido alarmas
28951;85322119000V;Los demás // Aptos para montaje en superficie (SMD-   «Surface Mounted Device») // --De tantalio // -Los demás condensadores fijos: // CONDENSADORES ELECTRICOS FIJOS, VARIABLES OAJUSTABLES.;85322119;Condensadores fijos de tantalio aptos p/montaje en superficie(SMD) ncop.
29339;85437019100Y;Circuitos impresos con componentes      eléctricos o electrónicos montados, de los      tipos utilizados para amplificar señales      ópticas del espectro de radiofrecuencia      correspondiente a la Banda C en      equipamientos repetidores sobre líneas de      fibras ópticas con velocidad de transmisión      de 10 Gbits/s // Los demás // Amplificadores de radiofrecuencia // -Las demás máquinas y aparatos: // MÁQUINAS Y APARATOS ELECTRICOS CON FUNCION PROPIA, NO EXPRESADOS NI COMPRENDIDOS EN OTRA PARTE DE ESTE CAPÍTULO.;85437019;Amplificadores de radiofrecuencia ncop.
29342;85437031000B;Generadores de efectos especiales con    manipulación en 2 ó 3 dimensiones, incluso    combinados con dispositivo de conmutación, de    más de 10 entradas de audio o video // Máquinas y aparatos auxiliares para video // -Las demás máquinas y aparatos: // MÁQUINAS Y APARATOS ELECTRICOS CON FUNCION PROPIA, NO EXPRESADOS NI COMPRENDIDOS EN OTRA PARTE DE ESTE CAPÍTULO.;85437031;Generadores de efectos especiales c/manipulación en 2 ó 3 dimensiones,incluso combinados c/dispositivo de conmutación,demás de 10 entradas de audio o video 
29344;85437033000R;Sincronizadores de cuadro, almacenadores o    correctores de base de tiempo // Máquinas y aparatos auxiliares para video // -Las demás máquinas y aparatos: // MÁQUINAS Y APARATOS ELECTRICOS CON FUNCION PROPIA, NO EXPRESADOS NI COMPRENDIDOS EN OTRA PARTE DE ESTE CAPÍTULO.;85437033;Aparatos eléctricos auxiliares de video sincronizadores de cuadro,almacenadores o correctores de base de tiempo 
29457;86029000000Y;"-Los demás // LAS DEMÁS LOCOMOTORAS Y LOCOTRACTORES; TENDERES.";86029000;Locomotoras,locotractores y ténderes,ncop. 
29460;86040010000T;Autopropulsados, equipados para apisonar   balasto y alinear vías férreas // VEHÍCULOS PARA EL MANTENIMIENTO O SERVICIO DE VÍAS FERREAS O SIMILARES, INCLUSO AUTOPROPULSADOS(POR EJEMPLO: VAGONES TALLER, VAGONES GRÚA,VAGONES EQUIPADOS PARA APISONAR BALASTO, ALINEARVÍAS, COCHES PARA ENSAYOS Y VAGONETAS DEINSPECCIÓN DE VÍAS).;86040010;Vehículos autopropulsados ,equipados p/apisonar balasto y alinear vías ferreas
29463;86050090000P;Los demás // COCHES DE VIAJEROS, FURGONES DE EQUIPAJES, COCHES CORREO Y DEMÁS COCHES ESPECIALES, PARAVÍAS  FERREAS O SIMILARES (EXCEPTO LOS COCHES DELA PARTIDA 86.04).;86050090;Furgones de equipajes,coches correo y otros coches especiales p/vías ferreas o similares excluidos coches de viajeros
29488;86090000140U;Plataforma (flat rag) // De carga seca, del tipo de los utilizados      en el transporte marítimo de mercaderías      (R.231/99 MEOSP) // CONTENEDORES (INCLUIDOS LOS CONTENEDORES PARAEL TRANSPORTE DE FLUÍDOS) ESPECIALMENTE CONCEBIDOS Y EQUIPADOS PARA UNO O VARIOS MEDIOS DE TRANSPORTE.;86090000;Contenedores,especialmente concebidos y equipados p/varios medios de transporte
29584;87041010000N;Con capacidad de carga superior o igual a 85 t // -Volquetes automotores concebidos para utilizarlos fuera de la red de carreteras // VEHÍCULOS AUTOMÓVILES PARA EL TRANSPORTE DE MERCANCÍAS.;87041010;Volquetes automotores proyectados p/utilizar fuera de la red de carreteras c/capacidad de carga >= a 85 t.
29590;87042110900N;Los dem?s // Los dem?s // Chasis con motor y cabina // --De peso total con carga máxima inferior o igual  a 5 t // -Los demás, con motor de embolo (pistón), de  encendido por compresión (Diesel o semi-Diesel): // VEHÍCULOS AUTOMÓVILES PARA EL TRANSPORTE DE MERCANCÍAS.;87042110;Chasis c/motor y cabina p/transporte de mercancias, de peso total c/carga máxima <= a 5 t., c/motor de émbolo o pistón, encendido por compresión(Diesel o semiDiesel)
29603;87042210100G;De carga m?xima inferior o igual a 5 t // Chasis con motor y cabina // --De peso total con carga máxima superior a 5 t  pero inferior o igual a 20 t // -Los demás, con motor de embolo (pistón), de  encendido por compresión (Diesel o semi-Diesel): // VEHÍCULOS AUTOMÓVILES PARA EL TRANSPORTE DE MERCANCÍAS.;87042210;Chasis c/motor y cabina p/transporte de mercancias,de peso total c/carga máxima > a 5 t. y <= a 20 t.,c/motor de émbolo o pistón,encendido por compresión(Diesel o semiDiesel)
29624;87043120000N;Con caja basculante // --De peso total con carga máxima inferior o igual  a 5 t // -Los demás, con motor de embolo (pistón) de encendido por chispa: // VEHÍCULOS AUTOMÓVILES PARA EL TRANSPORTE DE MERCANCÍAS.;87043120;Vehículos c/caja basculante,p/transporte de mercancías,de peso total c/carga máxima <= a 5 t.,c/motor de émbolo o pistón,encendido por chispa 
29645;87052000000L;-Camiones autom?viles para sondeo o perforaci?n // VEHÍCULOS AUTOMÓVILES PARA USOS ESPECIALES, EXCEPTO LOS CONCEBIDOS PRINCIPALMENTE PARA EL TRANSPORTE DE PERSONAS O MERCANCÍAS (POREJEMPLO: COCHES PARA REPARACIONES [AUXILIO MECÁNICO], CAMIONES GRÚA, CAMIONES DE BOMBEROS,CAMIONES HORMIGONERA, COCHES BARREDERA, COCHESESPARCIDORES, COCHES TALLER, COCHES RADIOLÓGICOS).;87052000;Camiones automóviles p/sondeo o perforación
29648;87054000900N;Los dem?s // Los dem?s // -Camiones hormigonera // VEHÍCULOS AUTOMÓVILES PARA USOS ESPECIALES, EXCEPTO LOS CONCEBIDOS PRINCIPALMENTE PARA EL TRANSPORTE DE PERSONAS O MERCANCÍAS (POREJEMPLO: COCHES PARA REPARACIONES [AUXILIO MECÁNICO], CAMIONES GRÚA, CAMIONES DE BOMBEROS,CAMIONES HORMIGONERA, COCHES BARREDERA, COCHESESPARCIDORES, COCHES TALLER, COCHES RADIOLÓGICOS).;87054000;Camiones-hormigonera
30079;87162000900Z;"Los demás // -Remolques y semirremolques, autocargadores o autodescargadores, para uso agrícola // REMOLQUES Y SEMIRREMOLQUES PARA CUALQUIER VEHICULO; LOS DEMAS VEHICULOS NO AUTOMOVILES;SUS PARTES.";87162000;Remolques y semirremolques,autocargadores o autodescargadores p/uso agrícola
30097;88010000100W;"Planeadores // GLOBOS Y DIRIGIBLES; PLANEADORES, ALAS PLANEADORAS Y DEMÁS AERONAVES NO PROPULSADAS CON MOTOR";88010000;Globos y dirigibles,planeadores,alas planeadoras y otras aeronaves no propulsadas c/motor
30099;88010000900P;"Los demás // GLOBOS Y DIRIGIBLES; PLANEADORES, ALAS PLANEADORAS Y DEMÁS AERONAVES NO PROPULSADAS CON MOTOR";88010000;Globos y dirigibles,planeadores,alas planeadoras y otras aeronaves no propulsadas c/motor
30102;88021290000K;"Los demás // --De peso en vacío superior a 2.000 kg // -Helicópteros: // LAS DEMÁS AERONAVES (POR EJEMPLO: HELICÓPTEROS,AVIONES); VEHÍCULOS ESPACIALES (INCLUIDOSLOS SATELITES) Y SUS VEHÍCULOS DE LANZAMIENTOY VEHÍCULOS SUBORBITALES.";88021290;Helicópteros ncop.
30108;88022022800Q;"Los demás, no tripulados, radiodirigidos o      de navegación controlada por aparato      receptor de sistema de posicionamiento      global (GPS), con motor de impulsión, de los      tipos utilizados para misiones tácticas de      inteligencia, vigilancia y reconocimiento en      el campo militar, policial o civil // , no tripulados, radiodirigidos o      de navegación controlada por aparato      receptor de sistema de posicionamiento      global (GPS), con motor de impulsión, de los      tipos utilizados para misiones tácticas de      inteligencia, vigilancia y reconocimiento en      el campo militar, policial o civil // Multimotores // A turbohelice // -Aviones y demás aeronaves, de peso en vacío inferior o igual a 2.000 kg // LAS DEMÁS AERONAVES (POR EJEMPLO: HELICÓPTEROS,AVIONES); VEHÍCULOS ESPACIALES (INCLUIDOSLOS SATELITES) Y SUS VEHÍCULOS DE LANZAMIENTOY VEHÍCULOS SUBORBITALES.";88022022;Aviones y otras aeronaves,a turbohélice,multimotores,de peso en vacio <= a 2000 kg.
30112;88023021000D;"Multimotores, de peso en vacío inferior o    igual a 7.000 kg // A turbohelice // -Aviones y demás aeronaves, de peso en vacío superior a 2.000 kg  pero inferior o igual a 15.000 kg // LAS DEMÁS AERONAVES (POR EJEMPLO: HELICÓPTEROS,AVIONES); VEHÍCULOS ESPACIALES (INCLUIDOSLOS SATELITES) Y SUS VEHÍCULOS DE LANZAMIENTOY VEHÍCULOS SUBORBITALES.";88023021;Aviones y otras aeronaves,a turbohélice,multimotores,de peso en vacio > a 2000 kg.y <= a 7000 kg.
30151;89039100900X;"Los demás // --Barcos de vela, incluso con motor auxiliar // -Los demás: // YATES Y DEMÁS BARCOS Y EMBARCACIONES PARA RECREO ODEPORTE; BARCAS (BOTES) DE REMO Y CANOAS.";89039100;Barcos de vela,c/motor auxiliar,p/recreo o deporte
30512;90142090200A;"Variómetros // Los demás // -Instrumentos y aparatos para navegación aérea o espacial (excepto las brújulas) // BRÚJULAS, INCLUIDOS LOS COMPASES DE NAVEGACIÓN;LOS DEMÁS INSTRUMENTOS Y APARATOS DE NAVEGACIÓN.";90142090;Instrumentos y aparatos p/navegación aérea o espacial,ncop.
30520;90152010000E;"Con sistema de lectura por medio de prisma o   micrómetro óptico y precisión de lectura de   1 segundo // -Teodolitos y taquímetros // INSTRUMENTOS Y APARATOS DE GEODESIA, TOPOGRAFÍA,AGRIMENSURA, NIVELACIÓN, FOTOGRAMETRÍA,HIDROGRAFÍA, OCEANOGRAFÍA, HIDROLOGÍA,METEOROLOGÍA O GEOFÍSICA, EXCEPTO LAS BRÚJULAS;TELEMETROS.";90152010;Teodolitos y taquímetros c/sistema de lectura por prisma o micrómetro óptico y precisión de lectura de 1 segundo
30538;90160010900U;Partes (R.909/94 MEOSP) // Sensibles a un peso inferior o igual a 0,2 mg // BALANZAS SENSIBLES A UN PESO INFERIOR O IGUAL A5 cg, INCLUSO CON PESAS.;90160010;Balanzas sensibles a un peso <= a 0,2mg.
30551;90172000129N;"Los demás // Bloques // Instrumentos de trazado // -Los demás instrumentos de dibujo, trazado o  cálculo // INSTRUMENTOS DE DIBUJO, TRAZADO O CÁLCULO (POR EJEMPLO: MÁQUINAS DE DIBUJAR, PANTÓGRAFOS,TRANSPORTADORES, ESTUCHES DE DIBUJO, REGLAS YCÍRCULOS, DE CÁLCULO); INSTRUMENTOS MANUALES DE MEDIDA DE LONGITUD (POR EJEMPLO: METROS, MICRÓMETROS, CALIBRADORES), NO EXPRESADOS NICOMPRENDIDOS EN OTRA PARTE DE ESTE CAPÍTULO.";90172000;Instrumentos de dibujo,trazado o cálculo excluidas mesas y máquinas de dibujar
30574;90178090120R;"Tripledecímetro // Reglas divididas // Los demás // -Los demás instrumentos // INSTRUMENTOS DE DIBUJO, TRAZADO O CÁLCULO (POR EJEMPLO: MÁQUINAS DE DIBUJAR, PANTÓGRAFOS,TRANSPORTADORES, ESTUCHES DE DIBUJO, REGLAS YCÍRCULOS, DE CÁLCULO); INSTRUMENTOS MANUALES DE MEDIDA DE LONGITUD (POR EJEMPLO: METROS, MICRÓMETROS, CALIBRADORES), NO EXPRESADOS NICOMPRENDIDOS EN OTRA PARTE DE ESTE CAPÍTULO.";90178090;Instrumentros manuales de medida de longitudes,ncop.
30598;90181420000D;Cámaras gamma // --Aparatos de centellografía // -Aparatos de electrodiagnóstico (incluidos los  aparatos de exploración funcional o de vigilancia de parámetros fisiológicos): // INSTRUMENTOS Y APARATOS DE MEDICINA, CIRUGÍA, ODONTOLOGÍA O VETERINARIA, INCLUIDOS LOSDE CENTELLOGRAFÍA Y DEMÁS APARATOSELECTROMEDICOS, ASÍ COMO LOS APARATOS PARAPRUEBAS VISUALES.;90181420;Cámaras gamma
30667;90184991000G;Para el diseño y la construcción de piezas     cerámicas para restauración dental,    computarizados // Los demás // --Los demás // -Los demás instrumentos y aparatos de odontología: // INSTRUMENTOS Y APARATOS DE MEDICINA, CIRUGÍA, ODONTOLOGÍA O VETERINARIA, INCLUIDOS LOSDE CENTELLOGRAFÍA Y DEMÁS APARATOSELECTROMEDICOS, ASÍ COMO LOS APARATOS PARAPRUEBAS VISUALES.;90184991;Aparatos p/diseño y construcción de piezas cerámicas p/restauración dental,computarizados
30685;90189031100R;Aparatos // Litotritores por onda de choque // Litotomos y litotritores // -Los demás instrumentos y aparatos // INSTRUMENTOS Y APARATOS DE MEDICINA, CIRUGÍA, ODONTOLOGÍA O VETERINARIA, INCLUIDOS LOSDE CENTELLOGRAFÍA Y DEMÁS APARATOSELECTROMEDICOS, ASÍ COMO LOS APARATOS PARAPRUEBAS VISUALES.;90189031;Litrotitores por onda de choque
30690;90189040100U;Instrumentos y aparatos // Riñones artificiales // -Los demás instrumentos y aparatos // INSTRUMENTOS Y APARATOS DE MEDICINA, CIRUGÍA, ODONTOLOGÍA O VETERINARIA, INCLUIDOS LOSDE CENTELLOGRAFÍA Y DEMÁS APARATOSELECTROMEDICOS, ASÍ COMO LOS APARATOS PARAPRUEBAS VISUALES.;90189040;Riñones artificiales
30693;90189050900X;Partes (R.909/94 MEOSP) // Aparatos de diatermia // -Los demás instrumentos y aparatos // INSTRUMENTOS Y APARATOS DE MEDICINA, CIRUGÍA, ODONTOLOGÍA O VETERINARIA, INCLUIDOS LOSDE CENTELLOGRAFÍA Y DEMÁS APARATOSELECTROMEDICOS, ASÍ COMO LOS APARATOS PARAPRUEBAS VISUALES.;90189050;Aparatos de diatermia
30795;90221319000K;Los demás // De diagnóstico // --Los demás, para uso odontológico // -Aparatos de rayos X, incluso para uso médico, quirúrgico, odontológico o veterinario, incluidos los aparatos de radiografía o radioterapia: // APARATOS DE RAYOS X Y APARATOS QUE UTILICEN RADIACIONES ALFA, BETA O GAMMA, INCLUSO PARA USOMEDICO, QUIRÚRGICO, ODONTOLÓGICO O VETERINARIO,INCLUIDOS LOS APARATOS DE RADIOGRAFÍA ORADIOTERAPIA, TUBOS DE RAYOS X Y DEMÁSDISPOSITIVOS GENERADORES DE RAYOS X, GENERADORESDE TENSIÓN, CONSOLAS DE MANDO, PANTALLAS, MESAS,SILLONES Y SOPORTES SIMILARES PARA EXAMEN O TRATAMIENTO.;90221319;Aparatos de rayos x,de diagnóstico,p/uso odontológico excluidos de tomas maxilares panorámicas
30797;90221411000L;Para mamografía // De diagnóstico // --Los demás, para uso médico, quirúrgico o  veterinario // -Aparatos de rayos X, incluso para uso médico, quirúrgico, odontológico o veterinario, incluidos los aparatos de radiografía o radioterapia: // APARATOS DE RAYOS X Y APARATOS QUE UTILICEN RADIACIONES ALFA, BETA O GAMMA, INCLUSO PARA USOMEDICO, QUIRÚRGICO, ODONTOLÓGICO O VETERINARIO,INCLUIDOS LOS APARATOS DE RADIOGRAFÍA ORADIOTERAPIA, TUBOS DE RAYOS X Y DEMÁSDISPOSITIVOS GENERADORES DE RAYOS X, GENERADORESDE TENSIÓN, CONSOLAS DE MANDO, PANTALLAS, MESAS,SILLONES Y SOPORTES SIMILARES PARA EXAMEN O TRATAMIENTO.;90221411;Aparatos de rayos X,de diagnóstico,p/mamografía
30808;90221991000Z;De los tipos utilizados para inspección de    equipaje, con tunel de altura inferior o     igual a 0,4m, ancho inferior o igual a     0,6m y longitud inferior o igual a 1,2m // Los demás // --Para otros usos // -Aparatos de rayos X, incluso para uso médico, quirúrgico, odontológico o veterinario, incluidos los aparatos de radiografía o radioterapia: // APARATOS DE RAYOS X Y APARATOS QUE UTILICEN RADIACIONES ALFA, BETA O GAMMA, INCLUSO PARA USOMEDICO, QUIRÚRGICO, ODONTOLÓGICO O VETERINARIO,INCLUIDOS LOS APARATOS DE RADIOGRAFÍA ORADIOTERAPIA, TUBOS DE RAYOS X Y DEMÁSDISPOSITIVOS GENERADORES DE RAYOS X, GENERADORESDE TENSIÓN, CONSOLAS DE MANDO, PANTALLAS, MESAS,SILLONES Y SOPORTES SIMILARES PARA EXAMEN O TRATAMIENTO.;90221991;Aparatos de rayos X utilizados p/inspección de equipaje,c/túnel de altura <=a 0,4m.,ancho <= a 0,6m. y longitud <= a 1,2 m. 
30832;90241010200D;Para ensayos de rotura // Para ensayos de tracción o de compresión // -Máquinas y aparatos para ensayos de metales // MÁQUINAS Y APARATOS PARA ENSAYOS DE DUREZA,TRACCIÓN, COMPRESIÓN, ELASTICIDAD U OTRASPROPIEDADES MECÁNICAS DE MATERIALES (POR EJEMPLO:METAL, MADERA, TEXTIL, PAPEL, PLÁSTICO).;90241010;Máquinas y aparatos p/ensayo de tracción o de compresión de metales
30870;90261021000X;De metales, mediante corrientes parásitas // Para medida o control de nivel // -Para medida o control del caudal o nivel de líquidos // INSTRUMENTOS Y APARATOS PARA MEDIDA O CONTROL DEL CAUDAL, NIVEL, PRESIÓN U OTRAS CARACTERÍSTICAS VARIABLES DE LÍQUIDOS O GASES (POR EJEMPLO: CAUDALÍMETROS, INDICADORES DE NIVEL, MANÓMETROS, CONTADORES DE CALOR), EXCEPTO LOS INSTRUMENTOS Y APARATOS DE LAS PARTIDAS 90.14, 90.15, 90.28 Ó 90.32.;90261021;Instrumentos y aparatos p/medida o control de nivel de metales,mediante corrientes parásitas
30895;90272021000E;"Secuenciadores automáticos de ADN mediante    electroforesis capilar // Instrumentos de electroforesis // -Cromatógrafos e instrumentos de electroforesis // INSTRUMENTOS Y APARATOS PARA ANÁLISIS FÍSICOS OQUÍMICOS (POR EJEMPLO: POLARÍMETROS,REFRACTÓMETROS, ESPECTRÓMETROS, ANALIZADORES DEGASES O HUMOS); INSTRUMENTOS Y APARATOS PARAENSAYOS DE VISCOSIDAD, POROSIDAD, DILATACIÓN, TENSIÓN SUPERFICIAL O SIMILARES O PARA MEDIDASCALORÍMETRICAS, ACÚSTICAS O FOTOMETRICAS(INCLUIDOS LOS EXPOSÍMETROS); MICRÓTOMOS.";90272021;Secuenciadores automáticos de ADN mediante electroforesis capilar
30966;90302022000D;"Vectorscopios // Osciloscopios analógicos // -Osciloscopios y oscilógrafos // OSCILOSCOPIOS, ANALIZADORES DE ESPECTRO Y DEMÁS INSTRUMENTOS Y APARATOS PARA MEDIDA O CONTROL DEMAGNITUDES ELECTRICAS; INSTRUMENTOS Y APARATOSPARA MEDIDA O DETECCIÓN DE RADIACIONES ALFA, BETA, GAMMA, X, CÓSMICAS O DEMÁS RADIACIONESIONIZANTES.";90302022;Vectorscopios analógicos
30989;90308290000Q;"Los demás // --Para medida o control de obleas («wafers») o  dispositivos, semiconductores // -Los demás instrumentos y aparatos: // OSCILOSCOPIOS, ANALIZADORES DE ESPECTRO Y DEMÁS INSTRUMENTOS Y APARATOS PARA MEDIDA O CONTROL DEMAGNITUDES ELECTRICAS; INSTRUMENTOS Y APARATOSPARA MEDIDA O DETECCIÓN DE RADIACIONES ALFA, BETA, GAMMA, X, CÓSMICAS O DEMÁS RADIACIONESIONIZANTES.";90308290;"Instrumentos y aparatos p/medida o control de""wafers"" o dispositivos,semiconductores,excluido de prueba de circuitos integrados"
31279;91061000200W;"Fechadores y contadores // -Registradores de asistencia; registradores fechadores y registradores contadores // APARATOS DE CONTROL DE TIEMPO Y CONTADORES   DE TIEMPO, CON MECANISMO DE RELOJERIA O MOTORSINCRÓNICO (POR EJEMPLO: REGISTRADORES DEASISTENCIA, REGISTRADORES FECHADORES, REGISTRADORES CONTADORES).";91061000;Registradores de asistencia,fechadores y contadores c/mecanismo de relojería o motor sincrónico
31523;94032000400K;Cómodas // -Los demás muebles de metal // LOS DEMÁS MUEBLES Y SUS PARTES.;94032000;Muebles de metal excluido los utilizados en oficinas
